{
     "Precision": 0.8643713834591997,
     "Recall": 0.4285714285714285,
     "F1-score": 0.5730259299613878,
     "mAP50": 0.6966117647058825,
     "mAP50_95": 0.2173493973856209
}