{
     "Precision": 0.5058679103669845,
     "Recall": 0.2857142857142857,
     "F1-score": 0.3651767040537184,
     "mAP50": 0.4462124183006535,
     "mAP50_95": 0.1379069566993463
}